Nom,x(Fe),x(Co),x(Cu),x(Ni),Stabilité,Ecart à l'enveloppe
mp-1245108,1.0,0.0,0.0,0.0,non,0.2800000000000029
mp-1271198,1.0,0.0,0.0,0.0,non,0.05000000000000249
mp-13,1.0,0.0,0.0,0.0,oui,0
mp-1194030,1.0,0.0,0.0,0.0,non,0.18000000000000327
mp-1271068,1.0,0.0,0.0,0.0,non,0.020000000000003126
mp-1271128,1.0,0.0,0.0,0.0,non,0.1000000000000032
mp-1096950,1.0,0.0,0.0,0.0,non,0.4800000000000022
mp-136,1.0,0.0,0.0,0.0,non,0.1000000000000032
mp-568345,1.0,0.0,0.0,0.0,non,0.7600000000000025
mp-150,1.0,0.0,0.0,0.0,non,0.15000000000000213
mp-1193227,0.0,1.0,0.0,0.0,non,0.129999999999999
mp-1271142,0.0,1.0,0.0,0.0,non,0.009999999999999787
mp-669382,0.0,1.0,0.0,0.0,non,0.11999999999999922
mp-54,0.0,1.0,0.0,0.0,oui,0
mp-1183710,0.0,1.0,0.0,0.0,non,0.009999999999999787
mp-102,0.0,1.0,0.0,0.0,non,0.019999999999999574
mp-1072089,0.0,1.0,0.0,0.0,non,0.1999999999999993
mp-1014111,0.0,0.0,0.0,1.0,non,0.6200000000000001
mp-1094136,0.0,0.0,0.0,1.0,non,0.7400000000000002
mp-1246134,0.0,0.0,0.0,1.0,non,0.41000000000000014
mp-10257,0.0,0.0,0.0,1.0,non,0.03000000000000025
mp-23,0.0,0.0,0.0,1.0,oui,0
mp-1008728,0.0,0.0,0.0,1.0,non,0.10000000000000053
mp-1056079,0.0,0.0,1.0,0.0,non,1.9799999999999986
mp-1059259,0.0,0.0,1.0,0.0,non,0.1399999999999988
mp-1010136,0.0,0.0,1.0,0.0,non,0.03999999999999915
mp-1120774,0.0,0.0,1.0,0.0,non,0.1599999999999988
mp-989695,0.0,0.0,1.0,0.0,non,0.009999999999998899
mp-989782,0.0,0.0,1.0,0.0,non,0.009999999999998899
mp-30,0.0,0.0,1.0,0.0,oui,0
mp-998890,0.0,0.0,1.0,0.0,non,0.03999999999999915
mp-1084832,0.625,0.375,0.0,0.0,non,0.04999999999999982
mp-641526,0.8125,0.1875,0.0,0.0,non,0.0033333333333338544
mp-601842,0.5625,0.4375,0.0,0.0,oui,0
mp-1080603,0.875,0.125,0.0,0.0,non,0.006666666666667709
mp-18695,0.9375,0.0625,0.0,0.0,oui,0
mp-1225083,0.25,0.75,0.0,0.0,non,0.07499999999999929
mp-1007852,0.25,0.75,0.0,0.0,non,0.04499999999999904
mp-601820,0.75,0.25,0.0,0.0,oui,0
mp-1225016,0.5,0.5,0.0,0.0,non,0.04999999999999982
mp-2090,0.5,0.5,0.0,0.0,oui,0
mp-601848,0.6875,0.3125,0.0,0.0,oui,0
mp-1096987,0.1,0.9,0.0,0.0,non,0.6200000000000001
mp-1072076,0.3333333333333333,0.0,0.0,0.6666666666666666,non,0.18666666666666654
mp-1225009,0.6,0.0,0.0,0.4,non,0.01600000000000179
mp-1224780,0.75,0.0,0.0,0.25,non,0.040000000000000924
mp-1007862,0.75,0.0,0.0,0.25,non,0.08000000000000096
mp-1224827,0.75,0.0,0.0,0.25,non,0.120000000000001
mp-999189,0.75,0.0,0.0,0.25,non,0.08000000000000096
mp-1007853,0.75,0.0,0.0,0.25,non,0.060000000000001386
mp-1224697,0.6666666666666666,0.0,0.0,0.3333333333333333,non,0.08666666666666778
mp-1077745,0.6666666666666666,0.0,0.0,0.3333333333333333,non,0.22666666666666835
mp-1079337,0.25,0.0,0.0,0.75,non,0.009999999999998899
mp-1007855,0.25,0.0,0.0,0.75,non,0.009999999999998899
mp-1225078,0.25,0.0,0.0,0.75,non,0.07999999999999918
mp-1418,0.25,0.0,0.0,0.75,oui,0
mp-1007854,0.25,0.0,0.0,0.75,non,0.10999999999999943
mp-1224965,0.5,0.0,0.0,0.5,non,0.08000000000000007
mp-2213,0.5,0.0,0.0,0.5,oui,0
mp-1224976,0.5,0.0,0.0,0.5,non,0.07000000000000028
mp-1225131,0.75,0.0,0.25,0.0,non,0.06750000000000167
mp-1184311,0.75,0.0,0.25,0.0,non,0.12750000000000128
mp-1184260,0.75,0.0,0.25,0.0,non,0.1775000000000011
mp-1224977,0.2,0.0,0.8,0.0,non,0.06400000000000095
mp-1224953,0.25,0.0,0.75,0.0,non,0.10250000000000004
mp-1184444,0.25,0.0,0.75,0.0,non,0.1825000000000001
mp-1224945,0.5,0.0,0.5,0.0,non,0.1750000000000007
mp-1226559,0.0,0.75,0.0,0.25,non,0.019999999999998685
mp-1183837,0.0,0.75,0.0,0.25,oui,0
mp-1008349,0.0,0.75,0.0,0.25,non,0.019999999999998685
mp-1226063,0.0,0.5,0.0,0.5,non,0.1200000000000001
mp-1226076,0.0,0.5,0.0,0.5,non,0.019999999999999574
mp-1006883,0.0,0.5,0.0,0.5,non,0.16999999999999993
mp-1183785,0.0,0.25,0.0,0.75,non,0.020000000000000462
mp-1183751,0.0,0.25,0.0,0.75,non,0.020000000000000462
mp-1183752,0.0,0.75,0.25,0.0,non,0.11749999999999883
mp-1225694,0.0,0.0,0.25,0.75,non,0.09000000000000075
mp-1184054,0.0,0.0,0.25,0.75,non,0.03000000000000025
mp-1225698,0.0,0.0,0.75,0.25,non,0.04999999999999982
mp-1225695,0.0,0.0,0.5,0.5,non,0.0699999999999994
mp-1225687,0.0,0.0,0.5,0.5,non,0.019999999999999574
mp-1184069,0.0,0.0,0.5,0.5,non,0.02999999999999936
mp-1224973,0.3333333333333333,0.0,0.3333333333333333,0.3333333333333333,non,0.11000000000000032
