id,formule,Fe,Cu,Co,Ni,somme,E
mp-1245108,        Fe,1,0,0,0,1,-8.19
mp-1271198,        Fe,1,0,0,0,1,-8.42
mp-13,        Fe,1,0,0,0,1,-8.47
mp-1194030,        Fe,1,0,0,0,1,-8.29
mp-1271068,        Fe,1,0,0,0,1,-8.45
mp-1271128,        Fe,1,0,0,0,1,-8.37
mp-1096950,        Fe,1,0,0,0,1,-7.99
mp-136,        Fe,1,0,0,0,1,-8.37
 mp-568345,        Fe,1,0,0,0,1,-7.71
 mp-150,        Fe,1,0,0,0,1,-8.32
mp-1193227,        Co,0,0,1,0,1,-6.98
mp-1271142,        Co,0,0,1,0,1,-7.1
 mp-669382,        Co,0,0,1,0,1,-6.99
mp-54,        Co,0,0,1,0,1,-7.11
mp-1183710,        Co,0,0,1,0,1,-7.1
mp-102,        Co,0,0,1,0,1,-7.09
mp-1072089,        Co,0,0,1,0,1,-6.91
mp-1014111,        Ni,0,0,0,1,1,-5.16
mp-1094136,        Ni,0,0,0,1,1,-5.04
mp-1246134,        Ni,0,0,0,1,1,-5.37
mp-10257,        Ni,0,0,0,1,1,-5.75
mp-23,        Ni,0,0,0,1,1,-5.78
mp-1008728,        Ni,0,0,0,1,1,-5.68
mp-1056079,        Cu,0,1,0,0,1,-2.12
mp-1059259,        Cu,0,1,0,0,1,-3.96
mp-1010136,        Cu,0,1,0,0,1,-4.06
mp-1120774,        Cu,0,1,0,0,1,-3.94
mp-989695,        Cu,0,1,0,0,1,-4.09
mp-989782,        Cu,0,1,0,0,1,-4.09
mp-30,        Cu,0,1,0,0,1,-4.1
mp-998890,        Cu,0,1,0,0,1,-4.06
mp-1084832,  Fe₅Co3,5,0,3,0,8,-7.97
mp-641526,  Fe₁₃Co₃,13,0,3,0,16,-8.25
mp-601842,  Fe₉Co₇,9,0,7,0,16,-7.94
mp-1080603,   Fe₇Co,7,0,1,0,8,-8.32
 mp-18695,  Fe₁₅Co,15,0,1,0,16,-8.4
mp-1225083,   FeCo₃,1,0,3,0,4,-7.41
mp-1007852,   FeCo₃,1,0,3,0,4,-7.44
mp-601820,   Fe₃Co,3,0,1,0,4,-8.18
mp-1225016,      FeCo,1,0,1,0,2,-7.81
mp-2090,      FeCo,1,0,1,0,2,-7.86
mp-601848,  Fe₁₁Co₅,11,0,5,0,16,-8.1
mp-1096987,   FeCo₉,1,0,9,0,10,-6.64
mp-1072076,   FeNi₂,1,0,0,2,3,-6.57
mp-1225009,  Fe₃Ni₂,3,0,0,2,5,-7.43
mp-1224780,   Fe₃Ni,3,0,0,1,4,-7.79
mp-1007862,   Fe₃Ni,3,0,0,1,4,-7.75
mp-1224827,   Fe₃Ni,3,0,0,1,4,-7.71
mp-999189,   Fe₃Ni,3,0,0,1,4,-7.75
mp-1007853,   Fe₃Ni,3,0,0,1,4,-7.77
mp-1224697,   Fe₂Ni,2,0,0,1,3,-7.53
mp-1077745,   Fe₂Ni,2,0,0,1,3,-7.39
mp-1079337,   FeNi₃,1,0,0,3,4,-6.53
mp-1007855,   FeNi₃,1,0,0,3,4,-6.53
mp-1225078,   FeNi₃,1,0,0,3,4,-6.46
mp-1418,   FeNi₃,1,0,0,3,4,-6.54
mp-1007854,   FeNi₃,1,0,0,3,4,-6.43
mp-1224965,      FeNi,1,0,0,1,2,-7.11
mp-2213,      FeNi,1,0,0,1,2,-7.19
mp-1224976,      FeNi,1,0,0,1,2,-7.12
mp-1225131,   Fe₃Cu,3,1,0,0,4,-7.31
mp-1184311,   Fe₃Cu,3,1,0,0,4,-7.25
mp-1184260,   Fe₃Cu,3,1,0,0,4,-7.2
mp-1224977,   FeCu₄,1,4,0,0,5,-4.91
mp-1224953,   FeCu₃,1,3,0,0,4,-5.09
mp-1184444,   FeCu₃,1,3,0,0,4,-5.01
mp-1224945,      FeCu,1,1,0,0,2,-6.11
mp-1226559,   Co₃Ni,0,0,3,1,4,-6.78
mp-1183837,   Co₃Ni,0,0,3,1,4,-6.8
mp-1008349,   Co₃Ni,0,0,3,1,4,-6.78
mp-1226063,      CoNi,0,0,1,1,2,-6.34
mp-1226076,      CoNi,0,0,1,1,2,-6.44
mp-1006883,      CoNi,0,0,1,1,2,-6.29
mp-1183785,   CoNi₃,0,0,1,3,4,-6.1
mp-1183751,   CoNi₃,0,0,1,3,4,-6.1
mp-1183752,   Co₃Cu,0,1,3,0,4,-6.24
mp-1225694,   CuNi₃,0,1,0,3,4,-5.27
mp-1184054,   CuNi₃,0,1,0,3,4,-5.33
mp-1225698,   Cu₃Ni,0,3,0,1,4,-4.47
mp-1225695,      CuNi,0,1,0,1,2,-4.87
mp-1225687,      CuNi,0,1,0,1,2,-4.92
mp-1184069,      CuNi,0,1,0,1,2,-4.91
mp-1224973,    FeCuNi,1,1,0,1,3,-6.05
